[
    {
        "coordinates": "(0, 0)",
        "neighbors": [
            "(1, 0)",
            "(0, 1)"
        ],
        "image_filename": "qr_(0, 0).png"
    },
    {
        "coordinates": "(1, 0)",
        "neighbors": [
            "(0, 0)",
            "(2, 0)",
            "(1, 1)"
        ],
        "image_filename": "qr_(1, 0).png"
    },
    {
        "coordinates": "(2, 0)",
        "neighbors": [
            "(1, 0)",
            "(3, 0)",
            "(2, 1)"
        ],
        "image_filename": "qr_(2, 0).png"
    },
    {
        "coordinates": "(3, 0)",
        "neighbors": [
            "(2, 0)",
            "(3, 1)"
        ],
        "image_filename": "qr_(3, 0).png"
    },
    {
        "coordinates": "(0, 1)",
        "neighbors": [
            "(1, 1)",
            "(0, 0)",
            "(0, 2)"
        ],
        "image_filename": "qr_(0, 1).png"
    },
    {
        "coordinates": "(1, 1)",
        "neighbors": [
            "(0, 1)",
            "(2, 1)",
            "(1, 0)",
            "(1, 2)"
        ],
        "image_filename": "qr_(1, 1).png"
    },
    {
        "coordinates": "(2, 1)",
        "neighbors": [
            "(1, 1)",
            "(3, 1)",
            "(2, 0)",
            "(2, 2)"
        ],
        "image_filename": "qr_(2, 1).png"
    },
    {
        "coordinates": "(3, 1)",
        "neighbors": [
            "(2, 1)",
            "(3, 0)",
            "(3, 2)"
        ],
        "image_filename": "qr_(3, 1).png"
    },
    {
        "coordinates": "(0, 2)",
        "neighbors": [
            "(1, 2)",
            "(0, 1)",
            "(0, 3)"
        ],
        "image_filename": "qr_(0, 2).png"
    },
    {
        "coordinates": "(1, 2)",
        "neighbors": [
            "(0, 2)",
            "(2, 2)",
            "(1, 1)",
            "(1, 3)"
        ],
        "image_filename": "qr_(1, 2).png"
    },
    {
        "coordinates": "(2, 2)",
        "neighbors": [
            "(1, 2)",
            "(3, 2)",
            "(2, 1)",
            "(2, 3)"
        ],
        "image_filename": "qr_(2, 2).png"
    },
    {
        "coordinates": "(3, 2)",
        "neighbors": [
            "(2, 2)",
            "(3, 1)",
            "(3, 3)"
        ],
        "image_filename": "qr_(3, 2).png"
    },
    {
        "coordinates": "(0, 3)",
        "neighbors": [
            "(1, 3)",
            "(0, 2)"
        ],
        "image_filename": "qr_(0, 3).png"
    },
    {
        "coordinates": "(1, 3)",
        "neighbors": [
            "(0, 3)",
            "(2, 3)",
            "(1, 2)"
        ],
        "image_filename": "qr_(1, 3).png"
    },
    {
        "coordinates": "(2, 3)",
        "neighbors": [
            "(1, 3)",
            "(3, 3)",
            "(2, 2)"
        ],
        "image_filename": "qr_(2, 3).png"
    },
    {
        "coordinates": "(3, 3)",
        "neighbors": [
            "(2, 3)",
            "(3, 2)"
        ],
        "image_filename": "qr_(3, 3).png"
    },
    {
        "coordinates": "(0, 4)",
        "neighbors": [
            "(1, 4)",
            "(0, 3)"
        ],
        "image_filename": "qr_(0, 4).png"
    },
    {
        "coordinates": "(1, 4)",
        "neighbors": [
            "(0, 4)",
            "(2, 4)",
            "(1, 3)"
        ],
        "image_filename": "qr_(1, 4).png"
    },
    {
        "coordinates": "(2, 4)",
        "neighbors": [
            "(1, 4)",
            "(3, 4)",
            "(2, 3)"
        ],
        "image_filename": "qr_(2, 4).png"
    },
    {
        "coordinates": "(3, 4)",
        "neighbors": [
            "(2, 4)",
            "(3, 3)"
        ],
        "image_filename": "qr_(3, 4).png"
    },
    {
        "coordinates": "(0, 5)",
        "neighbors": [
            "(1, 5)",
            "(0, 4)"
        ],
        "image_filename": "qr_(0, 5).png"
    },
    {
        "coordinates": "(1, 5)",
        "neighbors": [
            "(0, 5)",
            "(2, 5)",
            "(1, 4)"
        ],
        "image_filename": "qr_(1, 5).png"
    },
    {
        "coordinates": "(2, 5)",
        "neighbors": [
            "(1, 5)",
            "(3, 5)",
            "(2, 4)"
        ],
        "image_filename": "qr_(2, 5).png"
    },
    {
        "coordinates": "(3, 5)",
        "neighbors": [
            "(2, 5)",
            "(3, 4)"
        ],
        "image_filename": "qr_(3, 5).png"
    },
    {
        "coordinates": "(0, 6)",
        "neighbors": [
            "(1, 6)",
            "(0, 5)"
        ],
        "image_filename": "qr_(0, 6).png"
    },
    {
        "coordinates": "(1, 6)",
        "neighbors": [
            "(0, 6)",
            "(2, 6)",
            "(1, 5)"
        ],
        "image_filename": "qr_(1, 6).png"
    },
    {
        "coordinates": "(2, 6)",
        "neighbors": [
            "(1, 6)",
            "(3, 6)",
            "(2, 5)"
        ],
        "image_filename": "qr_(2, 6).png"
    },
    {
        "coordinates": "(3, 6)",
        "neighbors": [
            "(2, 6)",
            "(3, 5)"
        ],
        "image_filename": "qr_(3, 6).png"
    },
    {
        "coordinates": "(0, 7)",
        "neighbors": [
            "(1, 7)",
            "(0, 6)"
        ],
        "image_filename": "qr_(0, 7).png"
    },
    {
        "coordinates": "(1, 7)",
        "neighbors": [
            "(0, 7)",
            "(2, 7)",
            "(1, 6)"
        ],
        "image_filename": "qr_(1, 7).png"
    },
    {
        "coordinates": "(2, 7)",
        "neighbors": [
            "(1, 7)",
            "(3, 7)",
            "(2, 6)"
        ],
        "image_filename": "qr_(2, 7).png"
    },
    {
        "coordinates": "(3, 7)",
        "neighbors": [
            "(2, 7)",
            "(3, 6)"
        ],
        "image_filename": "qr_(3, 7).png"
    },
    {
        "coordinates": "(0, 8)",
        "neighbors": [
            "(1, 8)",
            "(0, 7)"
        ],
        "image_filename": "qr_(0, 8).png"
    },
    {
        "coordinates": "(1, 8)",
        "neighbors": [
            "(0, 8)",
            "(2, 8)",
            "(1, 7)"
        ],
        "image_filename": "qr_(1, 8).png"
    },
    {
        "coordinates": "(2, 8)",
        "neighbors": [
            "(1, 8)",
            "(3, 8)",
            "(2, 7)"
        ],
        "image_filename": "qr_(2, 8).png"
    },
    {
        "coordinates": "(3, 8)",
        "neighbors": [
            "(2, 8)",
            "(3, 7)"
        ],
        "image_filename": "qr_(3, 8).png"
    },
    {
        "coordinates": "(0, 9)",
        "neighbors": [
            "(1, 9)",
            "(0, 8)"
        ],
        "image_filename": "qr_(0, 9).png"
    },
    {
        "coordinates": "(1, 9)",
        "neighbors": [
            "(0, 9)",
            "(2, 9)",
            "(1, 8)"
        ],
        "image_filename": "qr_(1, 9).png"
    },
    {
        "coordinates": "(2, 9)",
        "neighbors": [
            "(1, 9)",
            "(3, 9)",
            "(2, 8)"
        ],
        "image_filename": "qr_(2, 9).png"
    },
    {
        "coordinates": "(3, 9)",
        "neighbors": [
            "(2, 9)",
            "(3, 8)"
        ],
        "image_filename": "qr_(3, 9).png"
    },
    {
        "coordinates": "(0, 10)",
        "neighbors": [
            "(1, 10)",
            "(0, 9)"
        ],
        "image_filename": "qr_(0, 10).png"
    },
    {
        "coordinates": "(1, 10)",
        "neighbors": [
            "(0, 10)",
            "(2, 10)",
            "(1, 9)"
        ],
        "image_filename": "qr_(1, 10).png"
    },
    {
        "coordinates": "(2, 10)",
        "neighbors": [
            "(1, 10)",
            "(3, 10)",
            "(2, 9)"
        ],
        "image_filename": "qr_(2, 10).png"
    },
    {
        "coordinates": "(3, 10)",
        "neighbors": [
            "(2, 10)",
            "(3, 9)"
        ],
        "image_filename": "qr_(3, 10).png"
    },
    {
        "coordinates": "(0, 11)",
        "neighbors": [
            "(1, 11)",
            "(0, 10)"
        ],
        "image_filename": "qr_(0, 11).png"
    },
    {
        "coordinates": "(1, 11)",
        "neighbors": [
            "(0, 11)",
            "(2, 11)",
            "(1, 10)"
        ],
        "image_filename": "qr_(1, 11).png"
    },
    {
        "coordinates": "(2, 11)",
        "neighbors": [
            "(1, 11)",
            "(3, 11)",
            "(2, 10)"
        ],
        "image_filename": "qr_(2, 11).png"
    },
    {
        "coordinates": "(3, 11)",
        "neighbors": [
            "(2, 11)",
            "(3, 10)"
        ],
        "image_filename": "qr_(3, 11).png"
    },
    {
        "coordinates": "(0, 12)",
        "neighbors": [
            "(1, 12)",
            "(0, 11)"
        ],
        "image_filename": "qr_(0, 12).png"
    },
    {
        "coordinates": "(1, 12)",
        "neighbors": [
            "(0, 12)",
            "(2, 12)",
            "(1, 11)"
        ],
        "image_filename": "qr_(1, 12).png"
    },
    {
        "coordinates": "(2, 12)",
        "neighbors": [
            "(1, 12)",
            "(3, 12)",
            "(2, 11)"
        ],
        "image_filename": "qr_(2, 12).png"
    },
    {
        "coordinates": "(3, 12)",
        "neighbors": [
            "(2, 12)",
            "(3, 11)"
        ],
        "image_filename": "qr_(3, 12).png"
    },
    {
        "coordinates": "(0, 13)",
        "neighbors": [
            "(1, 13)",
            "(0, 12)"
        ],
        "image_filename": "qr_(0, 13).png"
    },
    {
        "coordinates": "(1, 13)",
        "neighbors": [
            "(0, 13)",
            "(2, 13)",
            "(1, 12)"
        ],
        "image_filename": "qr_(1, 13).png"
    },
    {
        "coordinates": "(2, 13)",
        "neighbors": [
            "(1, 13)",
            "(3, 13)",
            "(2, 12)"
        ],
        "image_filename": "qr_(2, 13).png"
    },
    {
        "coordinates": "(3, 13)",
        "neighbors": [
            "(2, 13)",
            "(3, 12)"
        ],
        "image_filename": "qr_(3, 13).png"
    },
    {
        "coordinates": "(0, 14)",
        "neighbors": [
            "(1, 14)",
            "(0, 13)"
        ],
        "image_filename": "qr_(0, 14).png"
    },
    {
        "coordinates": "(1, 14)",
        "neighbors": [
            "(0, 14)",
            "(2, 14)",
            "(1, 13)"
        ],
        "image_filename": "qr_(1, 14).png"
    },
    {
        "coordinates": "(2, 14)",
        "neighbors": [
            "(1, 14)",
            "(3, 14)",
            "(2, 13)"
        ],
        "image_filename": "qr_(2, 14).png"
    },
    {
        "coordinates": "(3, 14)",
        "neighbors": [
            "(2, 14)",
            "(3, 13)"
        ],
        "image_filename": "qr_(3, 14).png"
    },
    {
        "coordinates": "(0, 15)",
        "neighbors": [
            "(1, 15)",
            "(0, 14)"
        ],
        "image_filename": "qr_(0, 15).png"
    },
    {
        "coordinates": "(1, 15)",
        "neighbors": [
            "(0, 15)",
            "(2, 15)",
            "(1, 14)"
        ],
        "image_filename": "qr_(1, 15).png"
    },
    {
        "coordinates": "(2, 15)",
        "neighbors": [
            "(1, 15)",
            "(3, 15)",
            "(2, 14)"
        ],
        "image_filename": "qr_(2, 15).png"
    },
    {
        "coordinates": "(3, 15)",
        "neighbors": [
            "(2, 15)",
            "(3, 14)"
        ],
        "image_filename": "qr_(3, 15).png"
    },
    {
        "coordinates": "(0, 16)",
        "neighbors": [
            "(1, 16)",
            "(0, 15)"
        ],
        "image_filename": "qr_(0, 16).png"
    },
    {
        "coordinates": "(1, 16)",
        "neighbors": [
            "(0, 16)",
            "(2, 16)",
            "(1, 15)"
        ],
        "image_filename": "qr_(1, 16).png"
    },
    {
        "coordinates": "(2, 16)",
        "neighbors": [
            "(1, 16)",
            "(3, 16)",
            "(2, 15)"
        ],
        "image_filename": "qr_(2, 16).png"
    },
    {
        "coordinates": "(3, 16)",
        "neighbors": [
            "(2, 16)",
            "(3, 15)"
        ],
        "image_filename": "qr_(3, 16).png"
    },
    {
        "coordinates": "(0, 17)",
        "neighbors": [
            "(1, 17)",
            "(0, 16)"
        ],
        "image_filename": "qr_(0, 17).png"
    },
    {
        "coordinates": "(1, 17)",
        "neighbors": [
            "(0, 17)",
            "(2, 17)",
            "(1, 16)"
        ],
        "image_filename": "qr_(1, 17).png"
    },
    {
        "coordinates": "(2, 17)",
        "neighbors": [
            "(1, 17)",
            "(3, 17)",
            "(2, 16)"
        ],
        "image_filename": "qr_(2, 17).png"
    },
    {
        "coordinates": "(3, 17)",
        "neighbors": [
            "(2, 17)",
            "(3, 16)"
        ],
        "image_filename": "qr_(3, 17).png"
    },
    {
        "coordinates": "(0, 18)",
        "neighbors": [
            "(1, 18)",
            "(0, 17)"
        ],
        "image_filename": "qr_(0, 18).png"
    },
    {
        "coordinates": "(1, 18)",
        "neighbors": [
            "(0, 18)",
            "(2, 18)",
            "(1, 17)"
        ],
        "image_filename": "qr_(1, 18).png"
    },
    {
        "coordinates": "(2, 18)",
        "neighbors": [
            "(1, 18)",
            "(3, 18)",
            "(2, 17)"
        ],
        "image_filename": "qr_(2, 18).png"
    },
    {
        "coordinates": "(3, 18)",
        "neighbors": [
            "(2, 18)",
            "(3, 17)"
        ],
        "image_filename": "qr_(3, 18).png"
    },
    {
        "coordinates": "(0, 19)",
        "neighbors": [
            "(1, 19)",
            "(0, 18)"
        ],
        "image_filename": "qr_(0, 19).png"
    },
    {
        "coordinates": "(1, 19)",
        "neighbors": [
            "(0, 19)",
            "(2, 19)",
            "(1, 18)"
        ],
        "image_filename": "qr_(1, 19).png"
    },
    {
        "coordinates": "(2, 19)",
        "neighbors": [
            "(1, 19)",
            "(3, 19)",
            "(2, 18)"
        ],
        "image_filename": "qr_(2, 19).png"
    },
    {
        "coordinates": "(3, 19)",
        "neighbors": [
            "(2, 19)",
            "(3, 18)"
        ],
        "image_filename": "qr_(3, 19).png"
    },
    {
        "coordinates": "(0, 20)",
        "neighbors": [
            "(1, 20)",
            "(0, 19)"
        ],
        "image_filename": "qr_(0, 20).png"
    },
    {
        "coordinates": "(1, 20)",
        "neighbors": [
            "(0, 20)",
            "(2, 20)",
            "(1, 19)"
        ],
        "image_filename": "qr_(1, 20).png"
    },
    {
        "coordinates": "(2, 20)",
        "neighbors": [
            "(1, 20)",
            "(3, 20)",
            "(2, 19)"
        ],
        "image_filename": "qr_(2, 20).png"
    },
    {
        "coordinates": "(3, 20)",
        "neighbors": [
            "(2, 20)",
            "(3, 19)"
        ],
        "image_filename": "qr_(3, 20).png"
    },
    {
        "coordinates": "(0, 21)",
        "neighbors": [
            "(1, 21)",
            "(0, 20)"
        ],
        "image_filename": "qr_(0, 21).png"
    },
    {
        "coordinates": "(1, 21)",
        "neighbors": [
            "(0, 21)",
            "(2, 21)",
            "(1, 20)"
        ],
        "image_filename": "qr_(1, 21).png"
    },
    {
        "coordinates": "(2, 21)",
        "neighbors": [
            "(1, 21)",
            "(3, 21)",
            "(2, 20)"
        ],
        "image_filename": "qr_(2, 21).png"
    },
    {
        "coordinates": "(3, 21)",
        "neighbors": [
            "(2, 21)",
            "(3, 20)"
        ],
        "image_filename": "qr_(3, 21).png"
    },
    {
        "coordinates": "(0, 22)",
        "neighbors": [
            "(1, 22)",
            "(0, 21)"
        ],
        "image_filename": "qr_(0, 22).png"
    }
]